{
  "r_perp": 0.19797825802685015,
  "kappa_max": 0.21671869407919858,
  "alpha_star": 0.9078505061261264,
  "Ck": 3.486784401000001,
  "Ck_asymptotic": 3.310914970542981,
  "delta_worst_case": {
    "0.504": 0.8676512083240099,
    "0.617": 0.624876753288431
  },
  "delta_bar_rollout": {
    "0.504": 2.249181517307332e-07,
    "0.617": 3.241488574356433e-08
  },
  "own_converged_alpha": 0.8168643006327562,
  "is_learned_alpha_monotone": false
}