{
  "r_perp": 0.3203128664501974,
  "kappa_max": 0.15380413942104262,
  "alpha_star": 0.812083632825499,
  "Ck": 3.486784401000001,
  "Ck_asymptotic": 3.310914970542981,
  "delta_worst_case": {
    "0.504": 0.5251439936846347,
    "0.617": 0.33252982998456215
  },
  "delta_bar_rollout": {
    "0.504": 2.9769176285266386e-07,
    "0.617": 0.0
  },
  "own_converged_alpha": 0.8924650809747166,
  "is_learned_alpha_monotone": true
}