{
  "r_perp": 0.3174930398009658,
  "kappa_max": 0.15857987186014358,
  "alpha_star": 0.8180255191416236,
  "Ck": 3.486784401000001,
  "Ck_asymptotic": 3.310914970542981,
  "delta_worst_case": {
    "0.504": 0.5478840559239941,
    "0.617": 0.3507316127447191
  },
  "delta_bar_rollout": {
    "0.504": 0.0,
    "0.617": 0.0
  },
  "own_converged_alpha": 0.7390864282083522,
  "is_learned_alpha_monotone": false
}