{
  "r_perp": 0.27307934037651727,
  "kappa_max": 0.11399796102796508,
  "alpha_star": 0.7897871288901733,
  "Ck": 3.486784401000001,
  "Ck_asymptotic": 3.310914970542981,
  "delta_worst_case": {
    "0.504": 0.37125491047907144,
    "0.617": 0.2244610186510845
  },
  "delta_bar_rollout": {
    "0.504": 9.412619016712416e-09,
    "0.617": 0.0
  },
  "own_converged_alpha": 0.6734272130450911,
  "is_learned_alpha_monotone": false
}