{
  "r_perp": 0.3174930398009658,
  "kappa_max": 0.22415312699870635,
  "alpha_star": 0.8640211750689916,
  "Ck": 3.486784401000001,
  "Ck_asymptotic": 3.310914970542981,
  "delta_worst_case": {
    "0.504": 0.8406030668625384,
    "0.617": 0.5767626232073448
  },
  "delta_bar_rollout": {
    "0.504": 1.6430621229674199e-06,
    "0.617": 8.414774947892904e-09
  },
  "own_converged_alpha": 0.7086457901349655,
  "is_learned_alpha_monotone": false
}