{
  "r_perp": 0.34287478142120814,
  "kappa_max": 0.13322292147616074,
  "alpha_star": 0.7776256631942638,
  "Ck": 3.486784401000001,
  "Ck_asymptotic": 3.310914970542981,
  "delta_worst_case": {
    "0.504": 0.4218982316332926,
    "0.617": 0.24766567019144067
  },
  "delta_bar_rollout": {
    "0.504": 3.410132288015239e-08,
    "0.617": 0.0
  },
  "own_converged_alpha": 0.6764679141290892,
  "is_learned_alpha_monotone": false
}